{
  "project_info": {
    "project_number": "810896474731",
    "project_id": "cw06-crud-firebase",
    "storage_bucket": "cw06-crud-firebase.firebasestorage.app"
  },
  "client": [
    {
      "client_info": {
        "mobilesdk_app_id": "1:810896474731:android:7e1a1ea65000c275b8272e",
        "android_client_info": {
          "package_name": "com.example.crud_firebase"
        }
      },
      "oauth_client": [],
      "api_key": [
        {
          "current_key": "AIzaSyBIIotEIxT4G4ltTATnzC12Co7SWb64h60"
        }
      ],
      "services": {
        "appinvite_service": {
          "other_platform_oauth_client": []
        }
      }
    }
  ],
  "configuration_version": "1"
}